test_name,execution_time,last_run_status,num_assertions,file_changes
TestCase_1,2.49816047538945,1,5,4
TestCase_2,4.802857225639665,0,1,2
TestCase_3,3.9279757672456204,1,6,4
TestCase_4,3.3946339367881464,1,9,0
TestCase_5,1.624074561769746,1,1,1
TestCase_6,1.6239780813448106,1,3,3
TestCase_7,1.2323344486727978,1,7,0
TestCase_8,4.46470458309974,1,4,3
TestCase_9,3.404460046972835,1,9,1
TestCase_10,3.832290311184182,1,3,1
